{
    "industry": "SERV_INDUSTRY",
    "origin_price": 348600,
    "title": "【女未婚】瑞慈体检 孝心深度VIP套餐 瑞慈全国门店通用 在线预约",
    "inventory": 99999,
    "price": 156600,
    "merchant_pid": "2088701141395825",
    "operator_type": "ISV",
    "category_id": "2020062900466490",
    "cover": "A*ynXhRLYkH1AAAAAAAAAAAAAADsN1AQ",
    "picture_details": ["A*D9mVQ47HTd8AAAAAAAAAAAAADsN1AQ", "A*ObkoSrxG3qgAAAAAAAAAAAAADsN1AQ", "A*1xu7R5hfJvMAAAAAAAAAAAAADsN1AQ"],
    "taobao_cover": "A*hbAwSLCFQUEAAAAAAAAAAAAADsN1AQ",
    "display_channels": "ALL",
    "forbid_reverse": false,
    "test_item": false,
    "ticket_display_mode": "NO_DISPLAY_CODE",
    "valid_period": 360,
    "validity_period_from": "2021-07-01 00:00:00",
    "validity_period_to": "2022-12-31 23:59:59",
    "validity_period_type": "RELATIVE",
    "tb_item_id":"",
    "request_id": "tong_koubei_202108200009",
    "sales_period_end": "2022-12-31 23:59:59",
    "sales_period_start": "2021-08-20 00:00:00",
    "verify_enable_times": 1,
    "verify_frequency": "single",
    "shop_ids": ["2021081000077000000025604094","2021042000077000000019535640", "2021052700077000000020997650", "2021052700077000000020995913", "2021052700077000000020999521", "2021052700077000000020995924", "2021052700077000000020999598", "2021052700077000000020996004", "2021052700077000000020996065", "2021052700077000000020996102", "2021052700077000000020999684", "2021052700077000000021002733", "2021052700077000000021002739", "2021052700077000000021002753", "2021052700077000000020999723", "2021052700077000000021002970", "2021052700077000000021004537", "2021052700077000000021032054", "2021052700077000000021032061", "2021052700077000000021004561", "2021052700077000000021032097", "2021052700077000000021004886", "2021052700077000000021003357", "2021052700077000000021005101", "2021052700077000000021003845", "2021052700077000000021003865", "2021052700077000000021032947", "2021052700077000000021003880", "2021052700077000000021003895", "2021052700077000000021032984", "2021052700077000000021005546", "2021052700077000000021005551", "2021052700077000000021005562", "2021052800077000000021058421", "2021052800077000000021058428", "2021052800077000000021058434", "2021052800077000000021058431", "2021052800077000000021058491", "2021052800077000000021057052", "2021052800077000000021057046", "2021052800077000000021057123", "2021052800077000000021059802", "2021052800077000000021058657", "2021052800077000000021057247", "2021052800077000000021059879", "2021052800077000000021057266", "2021062900077000000023631272", "2021062900077000000023630003", "2021062900077000000023628735", "2021062900077000000023630051", "2021062900077000000023631418", "2021062900077000000023138354", "2021062900077000000023138408"],
    "service_package_dto": {
        "explanation": null,
        "service_package_name": "【女未婚】瑞慈体检 孝心深度VIP套餐 瑞慈全国门店通用 在线预约",
        "price": 348600,
        "service_category_id": "1020210202001001001",
        "has_service_unit": false,
        "package_content_list": [{
            "title": "孝心深度VIP套餐 【女未婚】",
            "content_group_list": [{
                "content": "孝心深度VIP套餐 【女未婚】",
                "num": "1",
                "price": 348600,
                "unit": "份"
            }]
        }],
        "graphic_text_list": [{
            "content": "",
            "django_id": "A*SEgRTIhcBSwAAAAAAAAAAAAADsN1AQ",
            "type": "IMAGE"
        },{
            "content": "",
            "django_id": "A*NhiYTq8XOZUAAAAAAAAAAAAADsN1AQ",
            "type": "IMAGE"
        },{
            "content": "",
            "django_id": "A*8s3SRqCDbZMAAAAAAAAAAAAADsN1AQ",
            "type": "IMAGE"
        },{
            "content": "",
            "django_id": "A*Tb2FT4hpXIMAAAAAAAAAAAAADsN1AQ",
            "type": "IMAGE"
        },{
            "content": "",
            "django_id": "A*qvQrR6DFr8oAAAAAAAAAAAAADsN1AQ",
            "type": "IMAGE"
        }],
        "service_flow_list": [{
            "step": "第一步",
            "service_content": "购买",
            "num": 1,
            "unit": "份",
            "explanation": " 选择套餐并在线支付。"
        },{
            "step": "第二步",
            "service_content": "预约",
            "num": 1,
            "unit": "份",
            "explanation": "订单内找到预约入口按钮，按照要求填写体检人信息后，在线完成预约。"
        },{
            "step": "第三步",
            "service_content": "到店体检",
            "num": 1,
            "unit": "份",
            "explanation": " 预约成功后，按照预约日期，携带有效身份证件于当日07:30-10:00空腹到达门店，在前台完成体检登记。务必先预约好再按时去体检，未预约门店不接待。"
        },{
            "step": "第四步",
            "service_content": "体检报告",
            "num": 1,
            "unit": "份",
            "explanation": "体检完成后3-7个门店工作日内出具电子报告，凭体检完成后收到短信中的卡号密码，登录瑞慈官网查询报告。如需纸质报告，请在体检中心现场支付相关费用。"
        }],
        "buyer_notes": [{
            "title": "体检须知：",
            "details": ["1、体检时请携带体检人本人有效身份证件；", "2、体检当天空腹，体检前一天晚上20：00后不再进食，可少量饮水；", "3、女性体检避开生理期。妇科项目仅限有过性生活的女性；", "4、套餐瑞慈全国门店通用，如部分城市项目或设备问题无法使用的，一般等价换项目或根据现场情况协调安排。"]
        },{
            "title": "规则提醒：",
            "details": ["1、所有项目须一次体检完；", "2、套餐内自愿放弃的项目不予退费，敬请谅解；", "3、体检须提前3天预约，以最终预约成功的短信、电话通知为准。不预约可能会出现拒检。"]
        }]
    },
    "available_times": [{
        "from_time": "07:30",
        "to_time": "10:00",
        "week_day": ["1", "2", "3", "4", "5", "6", "7"]
    }],
    "buy_limit_dto_list": [{
        "limit_num": 1,
        "limit_type": "BUY_LIMIT_PER_ORDER_MAX"
    }],
    "buy_tips_template": {
        "free_wifi": true,
        "invoice_types": ["ELECTRONIC_INVOICE"],
        "need_reserve": true,
        "reserve_note": "提前三天预约",
        "reserve_type": "ONLINE",
        "supply_invoice": true,
        "limit_user_num": true,
        "user_num_limited": 1
    }
}